,Products Name,Prices,Descriptions,Reviews
0,"IQOO 15R 5G (Dark Knight, 256 GB)","₹51,999",8 GB RAM | 256 GB ROM16.74 cm (6.59 inch) Display50MP Rear Camera7600 mAh Battery12 Months Brand Warranty,4.6
1,"MOTOROLA Edge 70 Pro+ (Satin-Luxe PANTONE Zinfandel (Maroon), 256 GB)","₹47,999",12 GB RAM | 256 GB ROM17.27 cm (6.8 inch) Full HD+ Super AMOLED Display50MP + 50MP + 50MP | 50MP Front Camera6500 mAh Silicon-Carbon BatteryDimensity 8500 Extreme Processor1 Year on Handset and 6 Months on Accessories,4.2
2,"OPPO Reno15c 5G (Afterglow Pink, 256 GB)","₹44,999",12 GB RAM | 256 GB ROM16.69 cm (6.57 inch) Full HD+ Display50MP + 8MP + 2MP | Yes7000 mAh Battery6 Gen 1 Processor1 Year Manufacturer Warranty for Device and 6 Months Manufacturer Warranty for Inbox Accessories,4.3
3,"MOTOROLA Edge 70 Pro+ (Sculpted Wood PANTONE Chicory coffee (Brown), 256 GB)","₹47,999",12 GB RAM | 256 GB ROM17.27 cm (6.8 inch) Full HD+ Super AMOLED Display50MP + 50MP + 50MP | 50MP Front Camera6500 mAh Silicon-Carbon BatteryDimensity 8500 Extreme Processor1 Year on Handset and 6 Months on Accessories,4.2
4,"OnePlus 12 (Glacial White, 256 GB)","₹49,299",12 GB RAM | 256 GB ROM17.32 cm (6.82 inch) Full HD+ AMOLED Display50MP Rear Camera5400 mAh BatteryQualcomm SM8650-AB Snapdragon 8 Gen 3 (4 nm) Processor1 Year manufacturer warranty for device and 1 year manufacturer warranty for in-box accessories including batteries from the date of purchase,4.6
5,"Samsung Galaxy S25 FE 5G (Navy, 128 GB)","₹48,999",8 GB RAM | 128 GB ROM17.02 cm (6.7 inch) Full HD+ Display50MP + 12MP + 8MP | 12MP Front Camera4900 mAh Li-ion BatteryExynos 2400 Processor1 Year Manufacturer Warranty for Device and 6 Months for In-Box Accessories,4.6
6,"OPPO Reno15 5G (Twilight Blue, 256 GB)","₹47,999",8 GB RAM | 256 GB ROM16.74 cm (6.59 inch) Full HD+ Display50MP + 50MP + 8MP | Yes6500 mAh Battery7 Gen 4 Processor1 Year Manufacturer Warranty for Device and 6 Months Manufacturer Warranty for Inbox Accessories,4.5
7,"Google Pixel 10a (Fog, 256 GB)","₹49,999",8 GB RAM | 256 GB ROM16.0 cm (6.3 inch) Full HD+ AMOLED Display48MP + 13MP | 13MP Front Camera5100 mAh Lithium BatteryTensor G4 Processor1 year domestic warranty,4.5
8,"MOTOROLA Razr 60 (PANTONE Spring Bud, 256 GB)","₹49,999",8 GB RAM | 256 GB ROM17.53 cm (6.9 inch) Full HD+ Display50MP + 13MP | 32MP Front Camera4500 mAh BatteryDimensity 7400X Processor1 Year Warranty on Handset and 6 Months Warranty on Accessories,4.3
9,"OPPO Reno14 5G (Forest Green, 512 GB)","₹47,999",12 GB RAM | 512 GB ROM16.74 cm (6.59 inch) Display50MP + 8MP + 50MP | 50MP Front Camera6000 mAh BatteryDimensity 8350 Processor1 Year Manufacturer Warranty for Device and 6 Months Manufacturer Warranty for Inbox Accessories,4.5
10,"Nothing Phone (4a) (White, 256 GB)","₹40,999",12 GB RAM | 256 GB ROM17.22 cm (6.78 inch) Full HD+ AMOLED Display50MP + 50MP + 8MP | 32MP Front Camera5400 mAh Lithium ion BatterySnapdragon 7s Gen 4 Processor1 Year Manufacturing Warranty,4.5
11,"Samsung Galaxy A55 5G (Awesome Iceblue, 256 GB)","₹48,890",12 GB RAM | 256 GB ROM | Expandable Upto 1 TB16.76 cm (6.6 inch) Full HD+ Display50MP + 12MP + 5MP | 32MP Front Camera5000 mAh BatteryExynos 1480 Processor1 Year Manufacturer Warranty for Device and 6 Months for In-Box Accessories,4.3
12,"OPPO Reno14 5G (Pearl White, 256 GB)","₹44,999",8 GB RAM | 256 GB ROM16.74 cm (6.59 inch) Display50MP + 8MP + 50MP | 50MP Front Camera6000 mAh BatteryDimensity 8350 Processor1 Year Manufacturer Warranty for Device and 6 Months Manufacturer Warranty for Inbox Accessories,4.5
13,"MOTOROLA Edge 70 Pro+ (Twill Inspired PANTONE Stormy sea (Green), 256 GB)","₹47,999",12 GB RAM | 256 GB ROM17.27 cm (6.8 inch) Full HD+ Super AMOLED Display50MP + 50MP + 50MP | 50MP Front Camera6500 mAh Silicon-Carbon BatteryDimensity 8500 Extreme Processor1 Year on Handset and 6 Months on Accessories,4.2
14,"Samsung Galaxy S24 FE 5G (Blue, 256 GB)","₹45,999",8 GB RAM | 256 GB ROM17.02 cm (6.7 inch) Full HD+ Display50MP + 12MP + 8MP | 10MP Front Camera4700 mAh BatteryExynos 2400e Processor1 Year Manufacturer Warranty for Device and 6 Months for In-Box Accessories,4.5
15,"Nothing Phone (4a) Pro (Silver, 128 GB)","₹49,999",8 GB RAM | 128 GB ROM17.35 cm (6.83 inch) Full HD+ AMOLED Display50MP + 50MP + 8MP | 32MP Front Camera5400 mAh Lithium ion BatterySnapdragon 7 Gen 4 Processor1 Year Manufacturing Warranty,4.5
16,"Samsung Galaxy S24 FE 5G (Graphite, 256 GB)","₹45,999",8 GB RAM | 256 GB ROM17.02 cm (6.7 inch) Full HD+ Display50MP + 12MP + 8MP | 10MP Front Camera4700 mAh BatteryExynos 2400e Processor1 Year Manufacturer Warranty for Device and 6 Months for In-Box Accessories,4.5
17,"OPPO Reno14 5G (Forest Green, 256 GB)","₹44,999",8 GB RAM | 256 GB ROM16.74 cm (6.59 inch) Display50MP + 8MP + 50MP | 50MP Front Camera6000 mAh BatteryDimensity 8350 Processor1 Year Manufacturer Warranty for Device and 6 Months Manufacturer Warranty for Inbox Accessories,4.5
18,"Google Pixel 10a (Obsidian, 256 GB)","₹49,999",8 GB RAM | 256 GB ROM16.0 cm (6.3 inch) Full HD+ AMOLED Display48MP + 13MP | 13MP Front Camera5100 mAh Lithium BatteryTensor G4 Processor1 year domestic warranty,4.5
19,"Google Pixel 10a (Berry, 256 GB)","₹49,999",8 GB RAM | 256 GB ROM16.0 cm (6.3 inch) Full HD+ AMOLED Display48MP + 13MP | 13MP Front Camera5100 mAh Lithium BatteryTensor G4 Processor1 year domestic warranty,4.5
20,"vivo T4 Ultra 5G (Phoenix Gold, 512 GB)","₹39,999",12 GB RAM | 512 GB ROM16.94 cm (6.67 inch) Full HD+ AMOLED Display50MP + 8MP + 50MP Periscope | 32MP Front Camera5500 mAh BatteryDimensity 9300+ Processor1 Year Warranty on the Product and 6 Months Warranty on Inbox Accessories,4.5
21,"OPPO Reno13 5G (Ivory White, 256 GB)","₹40,999",8 GB RAM | 256 GB ROM16.74 cm (6.59 inch) Display50MP + 8MP + 2MP | 50MP Front Camera5600 mAh BatteryDimensity 8350 Processor1 Year Warranty on Handset and 6 Months Warranty on Accessories,4.4
22,"realme Gt 7 (Icesense Blue, 512 GB)","₹46,999",12 GB RAM | 512 GB ROM17.22 cm (6.78 inch) Full HD+ AMOLED Display50MP + 50MP + 50MP + 8MP | 32MP + 32MP Dual Front Camera7000 mAh BatteryDimensity Processor1 Year manufacturer Warranty for handset & 6 months for accessories,4.4
23,"vivo T4 Ultra 5G (Meteor Grey, 512 GB)","₹39,999",12 GB RAM | 512 GB ROM16.94 cm (6.67 inch) Full HD+ AMOLED Display50MP + 8MP + 50MP Periscope | 32MP Front Camera5500 mAh BatteryDimensity 9300+ Processor1 Year Warranty on the Product and 6 Months Warranty on Inbox Accessories,4.5
24,"Samsung Galaxy A36 5G (Awesome Black, 256 GB)","₹41,999",12 GB RAM | 256 GB ROM17.02 cm (6.7 inch) Full HD+ Display50MP + 8MP | 12MP Front Camera5000 mAh BatteryQualcomm Snapdragon 6 Gen 3 Processor1 Year Manufacturer Warranty for Device and 6 Months for In-Box Accessories,4.4
25,"OPPO Reno14 5G (Forest Green, 256 GB)","₹44,999",12 GB RAM | 256 GB ROM16.74 cm (6.59 inch) Display50MP + 8MP + 50MP | 50MP Front Camera6000 mAh BatteryDimensity 8350 Processor1 Year Manufacturer Warranty for Device and 6 Months Manufacturer Warranty for Inbox Accessories,4.5
26,"realme P4R 5G (Silver Glare, 128 GB)","₹18,999",4 GB RAM | 128 GB ROM17.27 cm (6.8 inch) HD+ Display50MP Rear Camera | 8MP Front Camera8000 mAh Lithium-ion polymer BatteryDimensity 6300 Processor1 Year Manufacturer Warranty for Device and 6 Months Manufacturer Warranty for Inbox Accessories,4
27,"Xiaomi 12 Pro 5G (Noir Black, 256 GB)","₹49,990",8 GB RAM | 256 GB ROM17.09 cm (6.73 inch) Full HD+ Display50MP + 50MP + 50MP | 32MP Front Camera4600 mAh Lithium Polymer BatterySnapdragon 8 Gen 1 Processor1 Year Manufacturer Warranty for Phone and 6 Months Warranty for In the Box Accessories,4.4
28,"Samsung Galaxy A36 5G (Awesome Lavender, 256 GB)","₹32,999",8 GB RAM | 256 GB ROM17.02 cm (6.7 inch) Full HD+ Display50MP + 8MP | 12MP Front Camera5000 mAh BatteryQualcomm Snapdragon 6 Gen 3 Processor1 Year Manufacturer Warranty for Device and 6 Months for In-Box Accessories,4.4
29,"Samsung Galaxy A36 5G (Awesome Lavender, 256 GB)","₹41,999",12 GB RAM | 256 GB ROM17.02 cm (6.7 inch) Full HD+ Display50MP + 8MP | 12MP Front Camera5000 mAh BatteryQualcomm Snapdragon 6 Gen 3 Processor1 Year Manufacturer Warranty for Device and 6 Months for In-Box Accessories,4.5
30,"Google Pixel 10a (Lavender, 256 GB)","₹49,999",8 GB RAM | 256 GB ROM16.0 cm (6.3 inch) Full HD+ AMOLED Display48MP + 13MP | 13MP Front Camera5100 mAh Lithium BatteryTensor G4 Processor1 year domestic warranty,4.3
31,"Samsung Galaxy A37 5G (Awesome Charcoal, 256 GB)","₹45,999",8 GB RAM | 256 GB ROM17.02 cm (6.7 inch) Full HD+ Super AMOLED Display50MP + 8MP | 12MP Front Camera5000 mAh Li-ion BatteryExynos 1480 Processor1 Year Manufacturer Warranty for Device and 6 Months for In-Box Accessories,4.6
32,"OnePlus 13s 5G (Green Silk, 256 GB)","₹53,470",12 GB RAM | 256 GB ROM16.05 cm (6.32 inch) Display50MP Rear Camera5850 mAh Battery1 Year Warranty,4.5
33,"OPPO Reno14 5G (Pearl White, 256 GB)","₹44,999",12 GB RAM | 256 GB ROM16.74 cm (6.59 inch) Display50MP + 8MP + 50MP | 50MP Front Camera6000 mAh BatteryDimensity 8350 Processor1 Year Manufacturer Warranty for Device and 6 Months Manufacturer Warranty for Inbox Accessories,4.5
34,"OPPO Reno15 5G (Aurora Blue, 256 GB)","₹47,999",8 GB RAM | 256 GB ROM16.74 cm (6.59 inch) Full HD+ Display50MP + 50MP + 8MP | Yes6500 mAh Battery7 Gen 4 Processor1 Year Manufacturer Warranty for Device and 6 Months Manufacturer Warranty for Inbox Accessories,4.3
35,"Samsung Galaxy A54 5G (Awesome Violet, 128 GB)","₹41,999","8 GB RAM | 128 GB ROM | Expandable Upto 1 TB16.26 cm (6.4 inch) Full HD+ Display50MP + 12MP + 5MP | 32MP Front Camera5000 mAh BatteryExynos 1380, Octa Core Processor1 Year Manufacturer Warranty for Device and 6 Months Manufacturer Warranty for In-Box Accessories",4.5
36,"OnePlus 11 5G (Eternal Green, 256 GB)","₹49,998",16 GB RAM | 256 GB ROM17.02 cm (6.7 inch) Display50MP Rear Camera5000 mAh Batterydomestic warranty of 12 months on phone & 6 months on accessories,4.4
37,"OPPO Reno15 5G (Glacier White, 512 GB)","₹55,999",12 GB RAM | 512 GB ROM16.74 cm (6.59 inch) Full HD+ Display50MP + 50MP + 8MP | Yes6500 mAh Battery7 Gen 4 Processor1 Year Manufacturer Warranty for Device and 6 Months Manufacturer Warranty for Inbox Accessories,4.3
38,"Samsung Galaxy A37 5G (Awesome Graygreen, 256 GB)","₹45,999",8 GB RAM | 256 GB ROM17.02 cm (6.7 inch) Full HD+ Super AMOLED Display50MP + 8MP | 12MP Front Camera5000 mAh Li-ion BatteryExynos 1480 Processor1 Year Manufacturer Warranty for Device and 6 Months for In-Box Accessories,4.4
39,"OPPO Reno11 Pro 5G (Rock Grey, 256 GB)","₹44,999",12 GB RAM | 256 GB ROM17.02 cm (6.7 inch) Full HD+ Display50MP + 8MP + 32MP | 32MP Front Camera4600 mAh BatteryMediatek Dimensity 8200 Processor1 Year Manufacturer Warranty for Device and 6 Months Manufacturer Warranty for Inbox Accessories,4.4
40,"OPPO Reno 12 5G (Matte Brown, 256 GB)","₹43,999",8 GB RAM | 256 GB ROM | Expandable Upto 1 TB17.02 cm (6.7 inch) Full HD+ Display50MP + 8MP + 2MP | 32MP Front Camera5000 mAh BatteryDimensity 7300 Energy Processor1 Year Manufacturer Warranty for Device and 6 Months Manufacturer Warranty for Inbox Accessories,4.5
41,"OPPO Reno14 5G (Pearl White, 512 GB)","₹47,999",12 GB RAM | 512 GB ROM16.74 cm (6.59 inch) Display50MP + 8MP + 50MP | 50MP Front Camera6000 mAh BatteryDimensity 8350 Processor1 Year Manufacturer Warranty for Device and 6 Months Manufacturer Warranty for Inbox Accessories,4.3
42,"Google Pixel 8a (Obsidian, 128 GB)","₹49,999",8 GB RAM | 128 GB ROM15.49 cm (6.1 inch) Full HD+ Display64MP + 13MP | 13MP Front Camera4404 mAh BatteryTensor G3 Processor1 Year Domestic Warranty,4.3
43,"Samsung Galaxy S21 FE 5G with Snapdragon 888 (Graphite, 128 GB)","₹49,999",8 GB RAM | 128 GB ROM16.26 cm (6.4 inch) Full HD+ Display12MP + 12MP + 8MP (OIS) | 32MP Front Camera4500 mAh Lithium-ion BatterySnapdragon 888 Processor1 Year Manufacturer Warranty for Device and 6 Months Manufacturer Warranty for In-Box Accessories,4.1
44,"Xiaomi 11T Pro 5G Hyperphone (Meteorite Black, 256 GB)","₹48,520",12 GB RAM | 256 GB ROM16.94 cm (6.67 inch) Display108MP Rear Camera5000 mAh Battery12 months,4.4
45,"OPPO Reno15 5G (Twilight Blue, 512 GB)","₹55,999",12 GB RAM | 512 GB ROM16.74 cm (6.59 inch) Full HD+ Display50MP + 50MP + 8MP | Yes6500 mAh Battery7 Gen 4 Processor1 Year Manufacturer Warranty for Device and 6 Months Manufacturer Warranty for Inbox Accessories,4.2
46,"Motorola Edge 30 Fusion (Cosmic grey, 128 GB)","₹49,999",8 GB RAM | 128 GB ROM16.64 cm (6.55 inch) Full HD+ Display50MP + 13MP + 2MP | 32MP Front Camera4400 mAh Lithium BatteryQualcomm Snapdragon 888 + Processor1 Year on Handset and 6 Months on Accessories,4.1
47,"OnePlus 9RT 5G (Hacker Black, 256 GB)","₹39,999",12 GB RAM | 256 GB ROM16.81 cm (6.62 inch) Display50MP Rear Camera4500 mAh Battery12 months,4.6
48,"OnePlus 13s 5G (Green Silk, 512 GB)","₹55,983",12 GB RAM | 512 GB ROM16.05 cm (6.32 inch) Display50MP Rear Camera5850 mAh Battery1 Year Warranty,4.4
49,"OnePlus 11 5G (Eternal Green, 128 GB)","₹38,948",8 GB RAM | 128 GB ROM17.02 cm (6.7 inch) Display50MP Rear Camera5000 mAh Batterydomestic warranty of 12 months on phone & 6 months on accessories,4.5
50,"realme P4R 5G (Silver Glare, 128 GB)","₹18,999",4 GB RAM | 128 GB ROM17.27 cm (6.8 inch) HD+ Display50MP Rear Camera | 8MP Front Camera8000 mAh Lithium-ion polymer BatteryDimensity 6300 Processor1 Year Manufacturer Warranty for Device and 6 Months Manufacturer Warranty for Inbox Accessories,4.2
51,"OnePlus 13 (Midnight Ocean, 256 GB)","₹60,990","12 GB RAM | 256 GB ROM17.32 cm (6.82 inch) Quad HD+ Display50MP + 50MP + 50MP | 32MP Front Camera6000 mAh BatterySnapdragon® 8 Elite Processor1 Year Warranty
1 year manufacturer warranty for device and 1 year manufacturer warranty for in-box accessories including batteries from the date of purchase",4.3
52,"OnePlus 10 Pro 5G (Emerald Forest, 128 GB)","₹45,352",8 GB RAM | 128 GB ROM17.02 cm (6.7 inch) Display48MP Rear Camera5000 mAh Battery1 year manufacturer warranty for device and 6 months manufacturer warranty for in-box accessories including batteries from the date of purchase,4.2
53,"Google Pixel 8a (Bay, 128 GB)","₹49,999",8 GB RAM | 128 GB ROM15.49 cm (6.1 inch) Full HD+ Display64MP + 13MP | 13MP Front Camera4404 mAh BatteryTensor G3 Processor1 Year Domestic Warranty,4.6
54,"OnePlus 10 Pro 5G (Volcanic Black, 128 GB)","₹44,999",8 GB RAM | 128 GB ROM17.02 cm (6.7 inch) Display48MP Rear Camera5000 mAh Battery1 Year Manufacturer Warranty for Handset and 6 Months Warranty for In the Box Accessories,4.3
55,"Apple iPhone 12 (White, 64 GB)","₹49,900","64 GB ROM15.49 cm (6.1 inch) Super Retina XDR Display12MP + 12MP | 12MP Front CameraA14 Bionic Chip with Next Generation Neural Engine ProcessorCeramic ShieldIndustry-leading IP68 Water ResistanceAll Screen OLED Display12MP TrueDepth Front Camera with Night Mode, 4K Dolby Vision HDR Recording1 year warranty for phone and 1 year warranty for in Box Accessories.",4.5
56,"Google Pixel 6a (Charcoal, 128 GB)","₹43,999",6 GB RAM | 128 GB ROM15.6 cm (6.14 inch) Full HD+ Display12.2MP + 12MP | 8MP Front Camera4410 mAh BatteryGoogle Tensor Processor1 Year Brand Warranty,4.3
57,"OnePlus 13 (Black Eclipse, 256 GB)","₹57,606","12 GB RAM | 256 GB ROM17.32 cm (6.82 inch) Quad HD+ Display50MP + 50MP + 50MP | 32MP Front Camera6000 mAh BatterySnapdragon® 8 Elite Processor1 Year Warranty
1 year manufacturer warranty for device and 1 year manufacturer warranty for in-box accessories including batteries from the date of purchase",4.4
58,"Google Pixel 6a (Chalk, 128 GB)","₹43,999",6 GB RAM | 128 GB ROM15.6 cm (6.14 inch) Full HD+ Display12.2MP + 12MP | 8MP Front Camera4410 mAh BatteryGoogle Tensor Processor1 Year Brand Warranty,4.2
59,"vivo X90 (Asteroid Black, 256 GB)","₹59,999",8 GB RAM | 256 GB ROM17.22 cm (6.78 inch) Full HD+ Display50MP + 12MP + 12MP | 32MP Front Camera4810 mAh BatteryDimensity 9200 Processor1 Year Handset and 6 Months Accessories,4.2
60,"Samsung Galaxy A73 5G (Awesome Mint, 256 GB)","₹49,990",8 GB RAM | 256 GB ROM | Expandable Upto 1 TB17.02 cm (6.7 inch) Full HD+ Display108MP + 12MP + 5MP + 5MP | 32MP Front Camera5000 mAh Li-ion BatteryQualcomm Snapdragon 778G Processor1 Year Manufacturer Warranty for Device and 6 Months Manufacturer Warranty for In-Box,4.2
61,"Samsung Galaxy A73 5G (Awesome Gray, 128 GB)","₹47,490",8 GB RAM | 128 GB ROM | Expandable Upto 1 TB17.02 cm (6.7 inch) Full HD+ Display108MP + 12MP + 5MP + 5MP | 32MP Front Camera5000 mAh Li-ion BatteryQualcomm Snapdragon 778G Processor1 Year Manufacturer Warranty for Device and 6 Months Manufacturer Warranty for In-Box,4.4
62,"Samsung Galaxy A52s 5G (Awesome Black, 128 GB)","₹40,999",8 GB RAM | 128 GB ROM | Expandable Upto 1 TB16.51 cm (6.5 inch) Full HD+ Display64MP + 12MP + 5MP + 5MP | 32MP Front Camera4500 mAh Li-ion BatteryQualcomm Snapdragon 778G Processor1 Year Manufacturer Warranty for Device and 6 Months Manufacturer Warranty for In-box Accessories,4.3
63,"OPPO Reno13 5G (Luminous Blue, 256 GB)","₹43,890",8 GB RAM | 256 GB ROM16.74 cm (6.59 inch) Display50MP + 8MP + 2MP | 50MP Front Camera5600 mAh BatteryDimensity 8350 Processor1 Year Warranty on Handset and 6 Months Warranty on Accessories,4.6
64,"vivo V70 FE (Monsoon Blue 2026, 256 GB)","₹44,999",12 GB RAM | 256 GB ROM17.35 cm (6.83 inch) Full HD+ AMOLED Display200MP + 8MP | 50MP Front Camera7000 mAh Li-ion battery BatteryDimensity 7360-Turbo Processor1 Year Manufacturer Warranty for Device and 6 Months Manufacturer Warranty for Inbox Accessories,4.5
65,"OnePlus 13s 5G (Black Velvet, 512 GB)","₹54,079",12 GB RAM | 512 GB ROM16.05 cm (6.32 inch) Display50MP Rear Camera5850 mAh Battery1 Year Warranty,4.3
66,"Samsung Galaxy S24 FE 5G (Blue, 128 GB)","₹39,999",8 GB RAM | 128 GB ROM17.02 cm (6.7 inch) Full HD+ Display50MP + 12MP + 8MP | 10MP Front Camera4700 mAh BatteryExynos 2400e Processor1 Year Manufacturer Warranty for Device and 6 Months for In-Box Accessories,4.6
67,"MOTOROLA Razr 60 (PANTONE Gibraltar Sea, 256 GB)","₹49,999",8 GB RAM | 256 GB ROM17.53 cm (6.9 inch) Full HD+ Display50MP + 13MP | 32MP Front Camera4500 mAh BatteryDimensity 7400X Processor1 Year Warranty on Handset and 6 Months Warranty on Accessories,3.9
68,"Samsung Galaxy S24 5G Snapdragon (Cobalt Violet, 128 GB)","₹49,999",8 GB RAM | 128 GB ROM15.75 cm (6.2 inch) Full HD+ Display50MP + 12MP | 12MP Front Camera4000 mAh Battery8 Gen 3 Processor1 Year Manufacturer Warranty for Device and 6 Months for In-Box Accessories,4.5
69,"OnePlus 9 5G (Winter Mist, 256 GB)","₹49,999",12 GB RAM | 256 GB ROM16.64 cm (6.55 inch) Display48MP Rear Camera4500 mAh Battery1 Year,4.5
70,"OnePlus 13R 5G (Nebula Noir, 256 GB)","₹37,895",12 GB RAM | 256 GB ROM17.22 cm (6.78 inch) Display50MP Rear Camera6000 mAh Battery1 year manufacturer warranty for device and 1 year manufacturer warranty for in-box accessories including batteries from the date of purchase,4.5
71,"vivo X80 (Cosmic Black, 256 GB)","₹42,990",12 GB RAM | 256 GB ROM17.22 cm (6.78 inch) Full HD+ Display50MP + 12MP + 12MP | 32MP Front Camera4500 mAh Lithium BatteryMediatek Dimensity 9000 Processor1 Year on Handset and 6 Months on Accessories,4.5
72,"OnePlus 13R 5g (Astral Trail, 256 GB)","₹37,628",12 GB RAM | 256 GB ROM17.22 cm (6.78 inch) Display50MP Rear Camera6000 mAh Battery1 year manufacturer warranty for device and 1 year manufacturer warranty for in-box accessories including batteries from the date of purchase,4.6
73,"OnePlus 13R 5G (Astral Trail, 512 GB)","₹43,000",16 GB RAM | 512 GB ROM17.22 cm (6.78 inch) Display50MP Rear Camera6000 mAh Battery1 year manufacturer warranty for device and 1 year manufacturer warranty for in-box accessories including batteries from the date of purchase,4.3
74,"OnePlus 13s 5G (Pink Satin, 256 GB)","₹45,423",12 GB RAM | 256 GB ROM16.05 cm (6.32 inch) Display50MP Rear Camera5850 mAh Battery1 Year Warranty,4.6
75,"Xiaomi 14 CIVI (Panda White, 512 GB)","₹31,999",12 GB RAM | 512 GB ROM16.64 cm (6.55 inch) Display50MP Rear Camera | 32MP + 32MP Dual Front Camera4700 mAh Battery8s Gen 3 Mobile Platform Processor1 Year Manufacturer Warranty for Phone and 6 Months Warranty for In the Box Accessories,4.6
76,"realme P4R 5G (Silver Glare, 128 GB)","₹18,999",4 GB RAM | 128 GB ROM17.27 cm (6.8 inch) HD+ Display50MP Rear Camera | 8MP Front Camera8000 mAh Lithium-ion polymer BatteryDimensity 6300 Processor1 Year Manufacturer Warranty for Device and 6 Months Manufacturer Warranty for Inbox Accessories,4.6
77,"Samsung Galaxy S23 5G (Lavender, 128 GB)","₹47,999",8 GB RAM | 128 GB ROM15.49 cm (6.1 inch) Full HD+ Display50MP + 10MP + 12MP | 12MP Front Camera3900 mAh Lithium Ion BatteryQualcomm Snapdragon 8 Gen 2 Processor1 Year Manufacturer Warranty for Device and 6 Months Manufacturer Warranty for In-Box Accessories,4.5
78,"OnePlus 13s 5G (Black Velvet, 256 GB)","₹43,539",12 GB RAM | 256 GB ROM16.05 cm (6.32 inch) Display50MP Rear Camera5850 mAh Battery1 Year Warranty,4.3
79,"Samsung Galaxy S23 5G (Green, 128 GB)","₹47,999",8 GB RAM | 128 GB ROM15.49 cm (6.1 inch) Full HD+ Display50MP + 10MP + 12MP | 12MP Front Camera3900 mAh Lithium Ion BatteryQualcomm Snapdragon 8 Gen 2 Processor1 Year Manufacturer Warranty for Device and 6 Months Manufacturer Warranty for In-Box Accessories,4.3
80,"OnePlus 13R 5G (Nebula Noir, 512 GB)","₹39,835",16 GB RAM | 512 GB ROM17.22 cm (6.78 inch) Display50MP Rear Camera6000 mAh Battery1 year manufacturer warranty for device and 1 year manufacturer warranty for in-box accessories including batteries from the date of purchase,4.5
81,"Samsung Galaxy A55 5G (Awesome Navy, 256 GB)","₹31,999",12 GB RAM | 256 GB ROM | Expandable Upto 1 TB16.76 cm (6.6 inch) Full HD+ Display50MP + 12MP + 5MP | 32MP Front Camera5000 mAh BatterySamsung Exynos 1480 Processor1 Year Manufacturer Warranty for Device and 6 Months for In-Box Accessories,4.5
82,"Xiaomi 14 CIVI (Shadow Black, 512 GB)","₹31,999",12 GB RAM | 512 GB ROM16.64 cm (6.55 inch) Display50MP Rear Camera | 32MP + 32MP Dual Front Camera4700 mAh Battery8s Gen 3 Mobile Platform Processor1 Year Manufacturer Warranty for Phone and 6 Months Warranty for In the Box Accessories,4.6
83,"OnePlus Nord 5 5G (Marble Sands, 256 GB)","₹34,820",12 GB RAM | 256 GB ROM17.35 cm (6.83 inch) Display50MP Rear Camera6800 mAh Battery1 Year Warranty,4.5
84,"OnePlus 12R (Cool Blue, 256 GB)","₹54,900","8 GB RAM | 256 GB ROM17.22 cm (6.78 inch) Display50MP Rear Camera5500 mAh Battery1 Year Warranty
1 year manufacturer warranty for device and 1 year manufacturer warranty for in-box accessories including batteries from the date of purchase",4.5
85,"Apple iPhone 14 (Blue, 128 GB)","₹37,875","128 GB ROM15.49 cm (6.1 inch) Super Retina XDR Display12MP + 12MP | 12MP Front CameraA15 Bionic Chip, 6 Core Processor Processor1 year warranty for phone and 1 year warranty for in Box Accessories.",4.5
86,"OnePlus 12R (Iron Gray, 256 GB)","₹49,999","8 GB RAM | 256 GB ROM17.22 cm (6.78 inch) Display50MP Rear Camera5500 mAh Battery1 Year Warranty
1 year manufacturer warranty for device and 1 year manufacturer warranty for in-box accessories including batteries from the date of purchase",4.3
87,"OnePlus Nord 5 5G (Phantom Grey, 512 GB)","₹32,128",12 GB RAM | 512 GB ROM17.35 cm (6.83 inch) Display50MP Rear Camera6800 mAh Battery1 Year Warranty,4.5
88,"OnePlus 12R (Iron Grey, 256 GB)","₹45,999",16 GB RAM | 256 GB ROM17.22 cm (6.78 inch) Display50MP Rear Camera5500 mAh Battery1 Year Brand Warranty,4.6
89,"vivo X90 (Asteroid Black, 256 GB)","₹49,437",12 GB RAM | 256 GB ROM17.22 cm (6.78 inch) Full HD+ Display50MP + 12MP + 12MP | 32MP Front Camera4810 mAh BatteryDimensity 9200 Processor1 Year Handset and 6 Months Accessories,4.4
90,"OnePlus Nord 5 5G (Phantom Grey, 256 GB)","₹33,999",12 GB RAM | 256 GB ROM17.35 cm (6.83 inch) Display50MP Rear Camera6800 mAh Battery1 Year Warranty,4.4
91,"Samsung Galaxy S23 5G (Green, 256 GB)","₹34,159",8 GB RAM | 256 GB ROM15.49 cm (6.1 inch) Full HD+ Display50MP + 10MP + 12MP | 12MP Front Camera3900 mAh Lithium Ion BatteryQualcomm Snapdragon 8 Gen 2 Processor1 Year Manufacturer Warranty for Device and 6 Months Manufacturer Warranty for In-Box Accessories,4.5
92,"realme GT 7 Pro (Mars Orange, 512 GB)","₹44,999",16 GB RAM | 512 GB ROM17.22 cm (6.78 inch) Display50MP Rear Camera5800 mAh Battery1 Year,4.3
93,"REDMI Note 14 Pro+ 5G (Titan Black, 512 GB)","₹18,999",12 GB RAM | 512 GB ROM16.94 cm (6.67 inch) Display50MP + 50MP + 8MP | 20MP Front Camera6200 mAh Battery7s Gen 3 Processor1 Year Manufacturer Warranty for Phone and 6 Months Warranty for In the Box Accessories,4.3
94,"OnePlus Nord 5 5G (Dry Ice, 256 GB)","₹32,990",12 GB RAM | 256 GB ROM17.35 cm (6.83 inch) Display50MP Rear Camera6800 mAh Battery1 Year Warranty,4.6
95,"Xiaomi 14 CIVI (Aqua Blue, 512 GB)","₹29,898",12 GB RAM | 512 GB ROM16.64 cm (6.55 inch) Display50MP Rear Camera | 32MP + 32MP Dual Front Camera4700 mAh Battery8s Gen 3 Mobile Platform Processor1 Year Manufacturer Warranty for Phone and 6 Months Warranty for In the Box Accessories,4.3
96,"realme P4R 5G (Silver Glare, 128 GB)","₹60,999",4 GB RAM | 128 GB ROM17.27 cm (6.8 inch) HD+ Display50MP Rear Camera | 8MP Front Camera8000 mAh Lithium-ion polymer BatteryDimensity 6300 Processor1 Year Manufacturer Warranty for Device and 6 Months Manufacturer Warranty for Inbox Accessories,4.5
97,"OPPO Reno10 Pro 5G (Glossy Purple, 256 GB)","₹42,999",12 GB RAM | 256 GB ROM17.02 cm (6.7 inch) Full HD+ Display50MP + 32MP + 8MP | 32MP Front Camera4600 mAh BatterySnapdragon 778G 5G Processor1 Year Manufacturer Warranty for Phone and 6 Months Warranty for In the Box Accessories,4.5
98,"OnePlus 13s 5G (Pink Satin, 512 GB)","₹38,392",12 GB RAM | 512 GB ROM16.05 cm (6.32 inch) Display50MP Rear Camera5850 mAh Battery1 Year Warranty,3.9
99,"OnePlus 10R 5G (Sierra Black, 256 GB)","₹47,999",12 GB RAM | 256 GB ROM17.02 cm (6.7 inch) Display50MP Rear Camera5000 mAh Battery1 Year Manufacturer Warranty for Handset and 6 Months Warranty for In the Box Accessories,4.6
100,"OPPO Reno14 Pro 5G (Titanium Grey, 512 GB)","₹32,599",12 GB RAM | 512 GB ROM17.35 cm (6.83 inch) Full HD+ Display50MP + 50MP + 50MP | 50MP Front Camera6200 mAh BatteryDimensity 8450 Processor1 Year Manufacturer Warranty for Device and 6 Months Manufacturer Warranty for Inbox Accessories,4.3
101,"vivo V29 Pro 5G (Blue, 256 GB)","₹41,999",12 GB RAM | 256 GB ROM17.22 cm (6.78 inch) Full HD+ AMOLED Display50MP + 12MP + 8MP | 50MP Front Camera4600 mAh BatteryDimensity 8200 Processor1 Year Manufacturer Warranty for Phone and 6 Months Warranty for In the Box Accessories,4.6
102,"OnePlus 9 5G (Arctic Sky, 256 GB)","₹42,999",12 GB RAM | 256 GB ROM16.64 cm (6.55 inch) Display48MP Rear Camera4500 mAh Battery1 Year Manufacturer Warranty for Handset and 6 Months Warranty for In the Box Accessories,4.5
103,"Samsung Galaxy S23 5G (Cream, 128 GB)","₹40,998",8 GB RAM | 128 GB ROM15.49 cm (6.1 inch) Full HD+ Display50MP + 10MP + 12MP | 12MP Front Camera3900 mAh Lithium Ion BatteryQualcomm Snapdragon 8 Gen 2 Processor1 Year Manufacturer Warranty for Device and 6 Months Manufacturer Warranty for In-Box Accessories,3.8
104,"OnePlus 10T 5G (Moonstone Black, 128 GB)","₹44,999",8 GB RAM | 128 GB ROM17.02 cm (6.7 inch) Display50MP Rear Camera4800 mAh Battery1 Year Manufacturer Warranty for Handset and 6 Months Warranty for In the Box Accessories,4.5
105,"vivo V40 5G (Titanium Grey, 512 GB)","₹49,499",12 GB RAM | 512 GB ROM17.22 cm (6.78 inch) Full HD+ Display50MP + 50MP | 50MP Front Camera5500 mAh BatterySnapdragon 7 Gen 3 Processor1 Year Warranty on Handset and 6 Months Warranty on Accessories,4.6
106,"vivo V29 Pro 5G (Black, 256 GB)","₹41,999",12 GB RAM | 256 GB ROM17.22 cm (6.78 inch) Full HD+ AMOLED Display50MP + 12MP + 8MP | 50MP Front Camera4600 mAh BatteryDimensity 8200 Processor1 Year Manufacturer Warranty for Phone and 6 Months Warranty for In the Box Accessories,4.6
107,"OnePlus 9R 5G (Carbon Black, 256 GB)","₹41,999",12 GB RAM | 256 GB ROM16.64 cm (6.55 inch) Display48MP Rear Camera4500 mAh Battery12 months,4.6
108,"OnePlus 12R (Sunset Dune, 256 GB)","₹37,999",16 GB RAM | 256 GB ROM17.22 cm (6.78 inch) Display50MP Rear Camera5500 mAh Battery1 Year Brand Warranty,4
109,"Samsung Galaxy S23 5G (Cream, 256 GB)","₹59,999",8 GB RAM | 256 GB ROM15.49 cm (6.1 inch) Full HD+ Display50MP + 10MP + 12MP | 12MP Front Camera3900 mAh Lithium Ion BatteryQualcomm Snapdragon 8 Gen 2 Processor1 Year Manufacturer Warranty for Device and 6 Months Manufacturer Warranty for In-Box Accessories,4.4
110,"vivo V40 5G (Ganges Blue, 512 GB)","₹41,999",12 GB RAM | 512 GB ROM17.22 cm (6.78 inch) Full HD+ Display50MP + 50MP | 50MP Front Camera5500 mAh BatterySnapdragon 7 Gen 3 Processor1 Year Warranty on Handset and 6 Months Warranty on Accessories,3.9
111,"vivo V40 5G (Lotus Purple, 512 GB)","₹46,999",12 GB RAM | 512 GB ROM17.22 cm (6.78 inch) Full HD+ Display50MP + 50MP | 50MP Front Camera5500 mAh BatterySnapdragon 7 Gen 3 Processor1 Year Warranty on Handset and 6 Months Warranty on Accessories,4.2
112,"OnePlus 10T 5G (Moonstone Black, 256 GB)","₹49,900",16 GB RAM | 256 GB ROM17.02 cm (6.7 inch) Display50MP Rear Camera4800 mAh Battery12 Months,4.6
113,"vivo X90 (Breeze Blue, 256 GB)","₹36,490",8 GB RAM | 256 GB ROM17.22 cm (6.78 inch) Full HD+ Display50MP + 12MP + 12MP | 32MP Front Camera4810 mAh BatteryDimensity 9200 Processor1 Year Handset and 6 Months Accessories,4.2
114,"OnePlus 9 5G (Arctic Sky, 256 GB)","₹44,999",12 GB RAM | 256 GB ROM16.64 cm (6.55 inch) Display48MP Rear Camera4500 mAh Battery12 months,4.3
115,"OnePlus 10T 5G (Moonstone Black, 256 GB)","₹32,999",12 GB RAM | 256 GB ROM17.02 cm (6.7 inch) Display50MP Rear Camera4800 mAh Battery1 year on phone & 6 months on accessories,3.6
116,"Apple iPhone 12 (Black, 64 GB)","₹18,999","64 GB ROM15.49 cm (6.1 inch) Super Retina XDR Display12MP + 12MP | 12MP Front CameraA14 Bionic Chip with Next Generation Neural Engine ProcessorCeramic ShieldIndustry-leading IP68 Water ResistanceAll Screen OLED Display12MP TrueDepth Front Camera with Night Mode, 4K Dolby Vision HDR Recording1 year warranty for phone and 1 year warranty for in Box Accessories.",4.5
117,"OnePlus 10T 5G (Jade Green, 256 GB)","₹38,478",12 GB RAM | 256 GB ROM17.02 cm (6.7 inch) Display50MP Rear Camera4800 mAh Battery1 year manufacturer warranty for device and 6 months manufacturer warranty for in-box accessories including batteries from the date of purchase,4.5
118,"Google Pixel 7 Pro (Obsidian, 128 GB)","₹34,990",12 GB RAM | 128 GB ROM17.02 cm (6.7 inch) Quad HD+ Display50MP + 48MP + 12MP | 10.8MP Front Camera4926 mAh BatteryGoogle Tensor G2 Processor1 Year Domestic Warranty,4.5
119,"OnePlus 9 5G (Winter Mist, 128 GB)","₹32,990",8 GB RAM | 128 GB ROM16.64 cm (6.55 inch) Display48MP Rear Camera4500 mAh Battery1 Year,4.5
120,"realme P4R 5G (Silver Glare, 128 GB)","₹32,964",4 GB RAM | 128 GB ROM17.27 cm (6.8 inch) HD+ Display50MP Rear Camera | 8MP Front Camera8000 mAh Lithium-ion polymer BatteryDimensity 6300 Processor1 Year Manufacturer Warranty for Device and 6 Months Manufacturer Warranty for Inbox Accessories,4.4
121,"OnePlus Nord CE6 (Lunar Pearl, 256 GB)","₹35,999",8 GB RAM | 256 GB ROM | Expandable Upto 256 GB17.22 cm (6.78 inch) Full HD+ Display50MP Rear Camera | 2MP Front Camera8000 mAh BatteryQualcomm® Snapdragon™ 7s Gen 4 Processorone year of handset six month of accessories,4.4
122,"OnePlus Nord CE6 (Lunar Pearl, 128 GB)","₹33,999",8 GB RAM | 128 GB ROM | Expandable Upto 128 GB17.22 cm (6.78 inch) Full HD+ Display50MP Rear Camera | 2MP Front Camera8000 mAh BatteryQualcomm® Snapdragon™ 7s Gen 4 Processorone year of handset six month of accessories,4.5
123,"OnePlus Nord CE6 (Pitch Black, 128 GB)","₹39,999",8 GB RAM | 128 GB ROM | Expandable Upto 128 GB17.22 cm (6.78 inch) Full HD+ Display50MP Rear Camera | 2MP Front Camera8000 mAh BatteryQualcomm® Snapdragon™ 7s Gen 4 Processorone year of handset six month of accessories,4.4
124,"OnePlus Nord CE6 (Fresh Blue, 128 GB)","₹37,999",8 GB RAM | 128 GB ROM | Expandable Upto 128 GB17.22 cm (6.78 inch) Full HD+ Display50MP Rear Camera | 2MP Front Camera8000 mAh BatteryQualcomm® Snapdragon™ 7s Gen 4 Processorone year of handset six month of accessories,4.4
125,"POCO F7 5G (Phantom Black, 256 GB)","₹37,999","12 GB RAM | 256 GB ROM17.35 cm (6.83 inch) Display50MP Rear Camera | 20MP Front Camera7550 mAh Li-Polymer + Silicon Carbon Battery8s Gen 4 ProcessorRear Camera -50MP Main Camera -8MP Ultra-wide Camera with night mode and ultra-wide video recordingFront camera -20MP with Portrait Mode | | Front Video Recording | Night ModeDisplay -6.83 inch 1.5K pOLED with 120 Hz refresh rateBattery 7550mAh, 90W charger, 22.5W reverse charging1 Year Manufacturer Warranty for Phone and 6 Months Warranty for In the Box Accessories",4.4
126,"MOTOROLA Edge 70 Fusion (Pantone BLUE SURF, 256 GB)","₹37,999",12 GB RAM | 256 GB ROM17.27 cm (6.8 inch) Super HD Display50MP + 13MP | 32MP Front Camera7000 mAh BatterySnapdragon 7s Gen 4 Processor1 Year on Handset and 6 Months on Accessories,4.4
127,"MOTOROLA edge 70 pro (Marble - PANTONE Lily white (white), 256 GB)","₹37,999",8 GB RAM | 256 GB ROM17.27 cm (6.8 inch) Full HD+ Super AMOLED Display50MP + 50MP | 50MP Front Camera6500 mAh Silicon-Carbon BatteryDimensity 8500 Extreme Processor1 Year on Handset and 6 Months on Accessories,4.4
128,"Nothing Phone (4a) (Black, 256 GB)","₹37,999",8 GB RAM | 256 GB ROM17.22 cm (6.78 inch) Full HD+ AMOLED Display50MP + 50MP + 8MP | 32MP Front Camera5400 mAh Lithium ion BatterySnapdragon 7s Gen 4 Processor1 Year Manufacturing Warranty,4.4
129,"Nothing Phone (4a) (Blue, 128 GB)","₹37,999",8 GB RAM | 128 GB ROM17.22 cm (6.78 inch) Full HD+ AMOLED Display50MP + 50MP + 8MP | 32MP Front Camera5400 mAh Lithium ion BatterySnapdragon 7s Gen 4 Processor1 Year Manufacturing Warranty,4.4
130,"MOTOROLA Edge 60 Pro (Pantone Sparkling Grape, 512 GB)","₹35,999",16 GB RAM | 512 GB ROM17.02 cm (6.7 inch) Display50MP + 50MP + 10MP | 50MP Front Camera6000 mAh BatteryDimensity 8350 Processor1 Year Warranty on Handset and 6 Months Warranty on Accessories,4.5
131,"Nothing Phone (4a) (Black, 128 GB)","₹39,999",8 GB RAM | 128 GB ROM17.22 cm (6.78 inch) Full HD+ AMOLED Display50MP + 50MP + 8MP | 32MP Front Camera5400 mAh Lithium ion BatterySnapdragon 7s Gen 4 Processor1 Year Manufacturing Warranty,4.4
132,"Nothing Phone (4a) (White, 128 GB)","₹35,999",8 GB RAM | 128 GB ROM17.22 cm (6.78 inch) Full HD+ AMOLED Display50MP + 50MP + 8MP | 32MP Front Camera5400 mAh Lithium ion BatterySnapdragon 7s Gen 4 Processor1 Year Manufacturing Warranty,4.5
133,"POCO X8 Pro (White, 256 GB)","₹36,999",12 GB RAM | 256 GB ROM16.74 cm (6.59 inch) Full HD+ AMOLED Display50MP + 8MP | 20MP Front Camera6500 mAh Lithium-Ion Polymer With Silicon Carbon Technology BatteryDimensity 8500-Ultra Processor1 Year Manufacturer Warranty for Phone and 6 Months Warranty for In the Box Accessories,4.5
134,"realme GT 7T (IceSense Black, 512 GB)","₹36,999",12 GB RAM | 512 GB ROM17.27 cm (6.8 inch) Full HD+ AMOLED Display50MP + 8MP | 32MP Front Camera7000 mAh Li-ion BatteryDimensity 8400-MAX Processorstandard 1-year warranty for the device  and a 6-month warranty for accessories,4.4
135,"MOTOROLA edge 70 pro (Tailored Fabric - PANTONE Titan (Blue), 256 GB)","₹37,999",8 GB RAM | 256 GB ROM17.27 cm (6.8 inch) Full HD+ Super AMOLED Display50MP + 50MP | 50MP Front Camera6500 mAh Silicon-Carbon BatteryDimensity 8500 Extreme Processor1 Year on Handset and 6 Months on Accessories,4.4
136,"realme GT 7T (IceSense Blue, 512 GB)","₹37,999",12 GB RAM | 512 GB ROM17.27 cm (6.8 inch) Full HD+ AMOLED Display50MP + 8MP | 32MP Front Camera7000 mAh Li-ion BatteryDimensity 8400-MAX Processorstandard 1-year warranty for the device  and a 6-month warranty for accessories,4
137,"vivo T5 Pro 5G (Cosmic Black, 256 GB)","₹36,999",8 GB RAM | 256 GB ROM17.35 cm (6.83 inch) Full HD+ AMOLED Display50MP + 2MP | 32MP Front Camera9020 mAh BatterySnapdragon 7s Gen 4 Processor1 Year Warranty,4.3
138,"vivo T5 Pro 5G (Glacier Blue, 256 GB)","₹39,999",8 GB RAM | 256 GB ROM17.35 cm (6.83 inch) Full HD+ AMOLED Display50MP + 2MP | 32MP Front Camera9020 mAh BatterySnapdragon 7s Gen 4 Processor1 Year Warranty,4.4
139,"POCO X8 Pro (Black, 256 GB)","₹29,990",12 GB RAM | 256 GB ROM16.74 cm (6.59 inch) Full HD+ AMOLED Display50MP + 8MP | 20MP Front Camera6500 mAh Lithium-Ion Polymer With Silicon Carbon Technology BatteryDimensity 8500-Ultra Processor1 Year Manufacturer Warranty for Phone and 6 Months Warranty for In the Box Accessories,4.4
140,"vivo V70 FE (Monsoon Blue 2026, 128 GB)","₹39,999",8 GB RAM | 128 GB ROM17.35 cm (6.83 inch) Full HD+ AMOLED Display200MP + 8MP | 50MP Front Camera7000 mAh Li-ion battery BatteryDimensity 7360-Turbo Processor1 Year Manufacturer Warranty for Device and 6 Months Manufacturer Warranty for Inbox Accessories,4.4
141,"realme 16 5G (Air Black, 256 GB)","₹39,999",8 GB RAM | 256 GB ROM16.69 cm (6.57 inch) Full HD+ AMOLED Display50MP + 2MP | 50MP Front Camera7000 mAh BatteryDimensity 6400 Turbo Processor1 Year Manufacturer Warranty for Device and 6 Months Manufacturer Warranty for Inbox Accessories,4.3
142,"realme 16 5G (Air White, 256 GB)","₹18,999",12 GB RAM | 256 GB ROM16.69 cm (6.57 inch) Full HD+ AMOLED Display50MP + 2MP | 50MP Front Camera7000 mAh BatteryDimensity 6400 Turbo Processor1 Year Manufacturer Warranty for Device and 6 Months Manufacturer Warranty for Inbox Accessories,4.2
143,"Samsung M56 5G (Light Green, 128 GB)","₹38,799",8 GB RAM | 128 GB ROM17.02 cm (6.7 inch) Display50MP Rear Camera5000 mAh Battery1 Year Warranty on Handset and 6 Months Warranty on Accessories,4.4
144,"realme 16 Pro 5G (Master Gold, 256 GB)","₹36,978",8 GB RAM | 256 GB ROM17.22 cm (6.78 inch) Full HD+ Display200MP + 8MP | 50MP Front Camera7000 mAh BatteryDimensity 7300 Max Processor1 Year Manufacturer Warranty for Phone and 6 Months Warranty for In-Box Accessories,4.1
145,"realme 16 Pro 5G (Orchid Purple, 256 GB)","₹35,999",8 GB RAM | 256 GB ROM17.22 cm (6.78 inch) Full HD+ Display200MP + 8MP | 50MP Front Camera7000 mAh BatteryDimensity 7300 Max Processor1 Year Manufacturer Warranty for Phone and 6 Months Warranty for In-Box Accessories,4
146,"realme P4R 5G (Silver Glare, 128 GB)","₹38,990",4 GB RAM | 128 GB ROM17.27 cm (6.8 inch) HD+ Display50MP Rear Camera | 8MP Front Camera8000 mAh Lithium-ion polymer BatteryDimensity 6300 Processor1 Year Manufacturer Warranty for Device and 6 Months Manufacturer Warranty for Inbox Accessories,4.4
147,"REDMI Note 15 Pro + 5G (Carbon Black, 256 GB)","₹36,999",12 GB RAM | 256 GB ROM17.35 cm (6.83 inch) Display200MP Rear Camera6500 mAh Battery12 Months Brand Warranty,4.4
148,"REDMI Note 15 Pro + 5G (Carbon Black, 256 GB)","₹39,999",8 GB RAM | 256 GB ROM17.35 cm (6.83 inch) Display200MP Rear Camera6500 mAh Battery12 Months Brand Warranty,4.4
149,"POCO F7 5G (Frost White, 256 GB)","₹37,999","12 GB RAM | 256 GB ROM17.35 cm (6.83 inch) Display50MP Rear Camera | 20MP Front Camera7550 mAh Li-Polymer + Silicon Carbon Battery8s Gen 4 ProcessorRear Camera -50MP Main Camera -8MP Ultra-wide Camera with night mode and ultra-wide video recordingFront camera -20MP with Portrait Mode | | Front Video Recording | Night ModeDisplay -6.83 inch 1.5K pOLED with 120 Hz refresh rateBattery 7550mAh, 90W charger, 22.5W reverse charging1 Year Manufacturer Warranty for Phone and 6 Months Warranty for In the Box Accessories",4.4
150,"Samsung Galaxy A53 (Awesome Blue, 128 GB)","₹37,999",6 GB RAM | 128 GB ROM | Expandable Upto 1 TB16.51 cm (6.5 inch) Full HD+ Display64MP + 12MP + 5MP + 5MP | 32MP Front Camera5000 mAh Lithium Ion BatteryExynos Octa Core Processor Processor1 Year Manufacturer Warranty for Device and 6 Months Manufacturer Warranty for In-Box,4.5
151,"realme 16 5G (Air White, 256 GB)","₹37,999",8 GB RAM | 256 GB ROM16.69 cm (6.57 inch) Full HD+ AMOLED Display50MP + 2MP | 50MP Front Camera7000 mAh BatteryDimensity 6400 Turbo Processor1 Year Manufacturer Warranty for Device and 6 Months Manufacturer Warranty for Inbox Accessories,4.4
152,"realme 16 Pro 5G (Pebble Grey, 256 GB)","₹39,999",8 GB RAM | 256 GB ROM17.22 cm (6.78 inch) Full HD+ Display200MP + 8MP | 50MP Front Camera7000 mAh BatteryDimensity 7300 Max Processor1 Year Manufacturer Warranty for Phone and 6 Months Warranty for In-Box Accessories,4.4
153,"OPPO F33 Pro 5G (Misty Forest, 128 GB)","₹37,998",8 GB RAM | 128 GB ROM16.69 cm (6.57 inch) Full HD+ AMOLED Display50MP + 2MP | 50MP Front Camera7000 mAh lithium-ion polymer BatteryDimensity 6360 MAX Processor1 Year Manufacturer Warranty for Device and 6 Months Manufacturer Warranty for Inbox Accessories,4.4
154,"POCO X8 Pro (Green, 256 GB)","₹34,999",12 GB RAM | 256 GB ROM16.74 cm (6.59 inch) Full HD+ AMOLED Display50MP + 8MP | 20MP Front Camera6500 mAh Lithium-Ion Polymer With Silicon Carbon Technology BatteryDimensity 8500-Ultra Processor1 Year Manufacturer Warranty for Phone and 6 Months Warranty for In the Box Accessories,4.4
155,"MOTOROLA Edge 60 Pro (Pantone Dazzling Blue, 512 GB)","₹37,998",16 GB RAM | 512 GB ROM17.02 cm (6.7 inch) Display50MP + 50MP + 10MP | 50MP Front Camera6000 mAh BatteryDimensity 8350 Processor1 Year Warranty on Handset and 6 Months Warranty on Accessories,4.4
156,"MOTOROLA edge 70 pro (Satin-Luxe PANTONE Tea (Green), 256 GB)","₹34,999",8 GB RAM | 256 GB ROM17.27 cm (6.8 inch) Full HD+ Super AMOLED Display50MP + 50MP | 50MP Front Camera6500 mAh Silicon-Carbon BatteryDimensity 8500 Extreme Processor1 Year on Handset and 6 Months on Accessories,4.4
157,"OPPO F33 5G (Forest Green, 256 GB)","₹37,998",8 GB RAM | 256 GB ROM16.69 cm (6.57 inch) Full HD+ AMOLED Display50MP + 2MP | 16MP Front Camera7000 mAh lithium-ion polymer BatteryDimensity 6360 MAX Processor1 Year Manufacturer Warranty for Device and 6 Months Manufacturer Warranty for Inbox Accessories,4.5
158,"OPPO F33 5G (Pearl White, 128 GB)","₹39,999",8 GB RAM | 128 GB ROM16.69 cm (6.57 inch) Full HD+ AMOLED Display50MP + 2MP | 16MP Front Camera7000 mAh lithium-ion polymer BatteryDimensity 6360 MAX Processor1 Year Manufacturer Warranty for Device and 6 Months Manufacturer Warranty for Inbox Accessories,4.5
159,"OPPO F33 5G (Pearl White, 256 GB)","₹39,999",8 GB RAM | 256 GB ROM16.69 cm (6.57 inch) Full HD+ AMOLED Display50MP + 2MP | 16MP Front Camera7000 mAh lithium-ion polymer BatteryDimensity 6360 MAX Processor1 Year Manufacturer Warranty for Device and 6 Months Manufacturer Warranty for Inbox Accessories,4.4
160,"OPPO F33 5G (Forest Green, 128 GB)","₹39,999",8 GB RAM | 128 GB ROM16.69 cm (6.57 inch) Full HD+ AMOLED Display50MP + 2MP | 16MP Front Camera7000 mAh lithium-ion polymer BatteryDimensity 6360 MAX Processor1 Year Manufacturer Warranty for Device and 6 Months Manufacturer Warranty for Inbox Accessories,4.3
161,"OPPO F33 Pro 5G (Starry Blue, 128 GB)","₹37,999",8 GB RAM | 128 GB ROM16.69 cm (6.57 inch) Full HD+ AMOLED Display50MP + 2MP | 50MP Front Camera7000 mAh lithium-ion polymer BatteryDimensity 6360 MAX Processor1 Year Manufacturer Warranty for Device and 6 Months Manufacturer Warranty for Inbox Accessories,4.1
162,"POCO X8 Pro (Iron man edition, 256 GB)","₹38,999",12 GB RAM | 256 GB ROM16.74 cm (6.59 inch) Full HD+ AMOLED Display50MP + 8MP | 20MP Front Camera6500 mAh Lithium-Ion Polymer With Silicon Carbon Technology BatteryDimensity 8500-Ultra Processor1 Year Manufacturer Warranty for Phone and 6 Months Warranty for In the Box Accessories,4.1
163,"vivo T4 Ultra 5G (Phoenix Gold, 512 GB)","₹39,990",12 GB RAM | 512 GB ROM16.94 cm (6.67 inch) Full HD+ AMOLED Display50MP + 8MP + 50MP Periscope | 32MP Front Camera5500 mAh BatteryDimensity 9300+ Processor1 Year Warranty on the Product and 6 Months Warranty on Inbox Accessories,4
164,"vivo T4 Ultra 5G (Meteor Grey, 512 GB)","₹39,990",12 GB RAM | 512 GB ROM16.94 cm (6.67 inch) Full HD+ AMOLED Display50MP + 8MP + 50MP Periscope | 32MP Front Camera5500 mAh BatteryDimensity 9300+ Processor1 Year Warranty on the Product and 6 Months Warranty on Inbox Accessories,4
165,"POCO F7 5G (Phantom Black, 512 GB)","₹37,635","12 GB RAM | 512 GB ROM17.35 cm (6.83 inch) Display50MP Rear Camera | 20MP Front Camera7550 mAh Li-Polymer + Silicon Carbon Battery8s Gen 4 ProcessorRear Camera -50MP Main Camera -8MP Ultra-wide Camera with night mode and ultra-wide video recordingFront camera -20MP with Portrait Mode | | Front Video Recording | Night ModeDisplay -6.83 inch 1.5K pOLED with 120 Hz refresh rateBattery 7550mAh, 90W charger, 22.5W reverse charging1 Year Manufacturer Warranty for Phone and 6 Months Warranty for In the Box Accessories",4.5
166,"OPPO Reno11 5G (Rock Grey, 128 GB)","₹18,999",8 GB RAM | 128 GB ROM | Expandable Upto 2 TB17.02 cm (6.7 inch) Full HD+ Display50MP + 8MP + 32MP | 32MP Front Camera5000 mAh BatteryMediatek Dimensity 7050 Processor1 Year Manufacturer Warranty for Device and 6 Months Manufacturer Warranty for Inbox Accessories,4.1
167,"Samsung Galaxy A53 (Awesome Black, 128 GB)","₹38,999",8 GB RAM | 128 GB ROM | Expandable Upto 1 TB16.51 cm (6.5 inch) Full HD+ Display64MP + 12MP + 5MP + 5MP | 32MP Front Camera5000 mAh Lithium Ion BatteryExynos Octa Core Processor Processor1 Year Manufacturer Warranty for Device and 6 Months Manufacturer Warranty for In-Box,4.4
168,"Samsung Galaxy A53 (Awesome Black, 128 GB)","₹37,999",8 GB RAM | 128 GB ROM | Expandable Upto 1 TB16.51 cm (6.5 inch) Full HD+ Display64MP + 12MP + 5MP + 5MP | 32MP Front Camera5000 mAh Lithium Ion BatteryExynos Octa Core Processor Processor1 Year Manufacturer Warranty for Device and 6 Months Manufacturer Warranty for In-Box,4.3
169,"OnePlus 8T 5G (Lunar Silver, 128 GB)","₹39,999",8 GB RAM | 128 GB ROM16.64 cm (6.55 inch) Display48MP Rear Camera4500 mAh Battery12 months,4.4
170,"realme P4R 5G (Silver Glare, 128 GB)","₹37,999",4 GB RAM | 128 GB ROM17.27 cm (6.8 inch) HD+ Display50MP Rear Camera | 8MP Front Camera8000 mAh Lithium-ion polymer BatteryDimensity 6300 Processor1 Year Manufacturer Warranty for Device and 6 Months Manufacturer Warranty for Inbox Accessories,4.4
171,"IQOO 9T 5G (ALPHA, 256 GB)","₹35,999",12 GB RAM | 256 GB ROM17.22 cm (6.78 inch) Display50MP Rear Camera4700 mAh Battery1 Year,4.2
172,"vivo V60 5G (Moonlit Blue, 128 GB)","₹39,999",8 GB RAM | 128 GB ROM17.2 cm (6.77 inch) Display50MP + 8MP + 50MP | 50MP Front Camera6500 mAh Battery7 Gen 4 Processor1 Year Manufacturer Warranty for Device and 6 Months Manufacturer Warranty for Inbox Accessories,4.4
173,"OnePlus 9RT 5G (Hacker Black, 256 GB)","₹36,929",12 GB RAM | 256 GB ROM16.81 cm (6.62 inch) Display50MP Rear Camera4500 mAh Battery12 months,4.3
174,"realme Gt 7T (Racing Yellow, 256 GB)","₹37,998",12 GB RAM | 256 GB ROM17.27 cm (6.8 inch) Full HD+ AMOLED Display50MP + 50MP + 8MP | 32MP + 32MP Dual Front Camera7000 mAh BatteryDimensity Processorstandard 1-year warranty for the device itself and a 6-month warranty for accessories,4.2
175,"vivo V25 Pro 5G (Pure Black, 128 GB)","₹37,499",8 GB RAM | 128 GB ROM16.66 cm (6.56 inch) Full HD+ Display64MP + 8MP + 2MP | 32MP Front Camera4830 mAh Lithium BatteryMediatek Dimensity 1300 ProcessorColor Changing Fluorite AG Glass Design120 Hz 3D Curve Display1 Year on Handset and 6 Months on Accessories,4.4
176,"OPPO Reno 12 Pro 5G (Manish Malhotra Limited Edition, 256 GB)","₹35,499",12 GB RAM | 256 GB ROM | Expandable Upto 1 TB17.02 cm (6.7 inch) Full HD+ Display50MP + 8MP + 50MP | 50MP Front Camera5000 mAh BatteryDimensity 7300 Energy Processor1 Year Manufacturer Warranty for Device and 6 Months Manufacturer Warranty for Inbox Accessories,4.3
177,"OPPO Reno 12 Pro 5G (Sunset Gold, 256 GB)","₹23,499",12 GB RAM | 256 GB ROM | Expandable Upto 1 TB17.02 cm (6.7 inch) Full HD+ Display50MP + 8MP + 50MP | 50MP Front Camera5000 mAh BatteryDimensity 7300 Energy Processor1 Year Manufacturer Warranty for Device and 6 Months Manufacturer Warranty for Inbox Accessories,4.3
178,"OnePlus 10 Pro 5G (Emerald Forest, 128 GB)","₹36,490",8 GB RAM | 128 GB ROM17.02 cm (6.7 inch) Display48MP Rear Camera5000 mAh Battery1 year manufacturer warranty for device and 6 months manufacturer warranty for in-box accessories including batteries from the date of purchase,4.5
179,"OPPO Reno 12 5G (MATTE BROWN, 256 GB)","₹39,499",8 GB RAM | 256 GB ROM | Expandable Upto 256 GB17.02 cm (6.7 inch) Full HD+ Display50MP + 50MP | 32MP + 32MP Dual Front Camera5000 mAh BatteryMediaTek Dimensity 9200 Processor1-year,4.4
180,"Samsung Galaxy A34 5G (Awesome Lime, 128 GB)","₹26,999","8 GB RAM | 128 GB ROM | Expandable Upto 1 TB16.76 cm (6.6 inch) Full HD+ Display48MP + 8MP + 5MP | 13MP Front Camera5000 mAh Li-ion Battery BatteryDimensity 1080, Octa Core Processor1 year manufacturer warranty for device and 6 months manufacturer warranty for in-box accessories",4
181,"Mi 10T (Cosmic Black, 128 GB)","₹39,990",6 GB RAM | 128 GB ROM16.94 cm (6.67 inch) Full HD+ Display64MP + 13MP + 5MP | 20MP Front Camera5000 mAh Li-ion Polymer BatteryQualcomm Snapdragon 865 Processor144Hz Intelligent AdaptiveSync Display33W Dual Split Flash Charge1 Year Manufacturer Warranty for Device and 6 Months Manufacturer Warranty for In-box Accessories,4.6
182,"OPPO Reno13 5G (Ivory White, 256 GB)","₹35,999",8 GB RAM | 256 GB ROM16.74 cm (6.59 inch) Display50MP + 8MP + 2MP | 50MP Front Camera5600 mAh BatteryDimensity 8350 Processor1 Year Warranty on Handset and 6 Months Warranty on Accessories,4.6
183,"Samsung Galaxy A34 5G (Awesome Graphite, 256 GB)","₹36,999","8 GB RAM | 256 GB ROM | Expandable Upto 1 TB16.76 cm (6.6 inch) Full HD+ Display48MP + 8MP + 5MP | 13MP Front Camera5000 mAh Li-ion Battery BatteryDimensity 1080, Octa Core Processor1 year manufacturer warranty for device and 6 months manufacturer warranty for in-box accessories",4.4
184,"OPPO Reno8 5G (Shimmer Black, 128 GB)","₹57,900",8 GB RAM | 128 GB ROM16.33 cm (6.43 inch) Full HD Display50MP + 8MP + 2MP | 32MP Front Camera4500 mAh Lithium-ion Polymer BatteryMediatek Dimensity 1300 Processor1 Year Warranty for Phone and 6 Months Warranty for In-Box Accessories,4.3
185,"IQOO Neo9 Pro (Fiery Red, 256 GB)","₹66,900",8 GB RAM | 256 GB ROM17.22 cm (6.78 inch) Display50MP Rear Camera5160 mAh Battery1 Year,4.3
186,"POCO F7 5G (Cyber Silver Edition, 256 GB)","₹29,999","12 GB RAM | 256 GB ROM17.35 cm (6.83 inch) Display50MP Rear Camera | 20MP Front Camera7550 mAh Li-Polymer + Silicon Carbon Battery8s Gen 4 ProcessorRear Camera -50MP Main Camera -8MP Ultra-wide Camera with night mode and ultra-wide video recordingFront camera -20MP with Portrait Mode | | Front Video Recording | Night ModeDisplay -6.83 inch 1.5K pOLED with 120 Hz refresh rateBattery 7550mAh, 90W charger, 22.5W reverse charging1 Year Manufacturer Warranty for Phone and 6 Months Warranty for In the Box Accessories",4.3
187,"Infinix Zero Ultra (Genesis Noir, 256 GB)","₹22,999",8 GB RAM | 256 GB ROM17.27 cm (6.8 inch) Full HD+ Display200MP + 13MP + 2MP | 32MP Front Camera4500 mAh Lithium-ion Polymer BatteryMediatek Dimensity 920 Processor1 Year on Handset and 6 Months on Accessories,4.4
188,"Apple iPhone 15 (Black, 128 GB)","₹15,999","128 GB ROM15.49 cm (6.1 inch) Super Retina XDR Display48MP + 12MP | 12MP Front CameraA16 Bionic Chip, 6 Core Processor Processor1 year warranty for phone and 1 year warranty for in Box Accessories.",4.3
189,"Apple iPhone 16 (White, 128 GB)","₹17,999","128 GB ROM15.49 cm (6.1 inch) Super Retina XDR Display48MP + 12MP | 12MP Front CameraA18 Chip, 6 Core Processor Processor1 year warranty for phone and 1 year warranty for in Box Accessories.",4.6
190,"MOTOROLA Edge 70 Fusion (Pantone COUNTRY AIR, 128 GB)","₹24,999",8 GB RAM | 128 GB ROM17.27 cm (6.8 inch) Super HD Display50MP + 13MP | 32MP Front Camera7000 mAh BatterySnapdragon 7s Gen 4 Processor1 Year on Handset and 6 Months on Accessories,4.6
191,"REDMI Note 15 SE 5G Snapdragon (Frosted White, 128 GB)","₹15,999",6 GB RAM | 128 GB ROM | Expandable Upto 1 TB17.2 cm (6.77 inch) Full HD+ AMOLED Display50MP Rear Camera | 20MP Front Camera5800 mAh Lithium-Ion Polymer BatterySnapdragon 6 Gen 3 Processor1 Year Manufacturer Warranty for Phone and 6 Months Warranty for In the Box Accessories,4.4
192,"OPPO K14x 5G (Prism Violet, 64 GB)","₹18,999",4 GB RAM | 64 GB ROM17.14 cm (6.75 inch) HD+ Display50MP + 2MP | 5MP; f/2.2; FOV 77°; 3P lens6500 mAh BatteryDimensity 6300 Processor1 Year Manufacturer Warranty for Device and 6 Months Manufacturer Warranty for Inbox Accessories,4.4
193,"OPPO K14x 5G (Icy Blue, 128 GB)","₹80,999",4 GB RAM | 128 GB ROM17.14 cm (6.75 inch) HD+ Display50MP + 2MP | 5MP; f/2.2; FOV 77°; 3P lens6500 mAh BatteryDimensity 6300 Processor1 Year Manufacturer Warranty for Device and 6 Months Manufacturer Warranty for Inbox Accessories,4.4
194,"vivo T5x 5G (Star Silver, 128 GB)","₹82,900",8 GB RAM | 128 GB ROM17.17 cm (6.76 inch) Display50MP + 2MP | 32MP Front Camera7200 mAh Li-ion BatteryDimensity 7400-Turbo Processor1 Year Manufacturer Warranty for Device and 6 Months Manufacturer Warranty for Inbox Accessories,4.6
195,"OPPO K14x 5G (Icy Blue, 64 GB)","₹24,999",4 GB RAM | 64 GB ROM17.14 cm (6.75 inch) HD+ Display50MP + 2MP | 5MP; f/2.2; FOV 77°; 3P lens6500 mAh BatteryDimensity 6300 Processor1 Year Manufacturer Warranty for Device and 6 Months Manufacturer Warranty for Inbox Accessories,4.4
196,"realme P4R 5G (Silver Glare, 128 GB)","₹19,999",4 GB RAM | 128 GB ROM17.27 cm (6.8 inch) HD+ Display50MP Rear Camera | 8MP Front Camera8000 mAh Lithium-ion polymer BatteryDimensity 6300 Processor1 Year Manufacturer Warranty for Device and 6 Months Manufacturer Warranty for Inbox Accessories,4.3
197,"Samsung Galaxy S25 5G (Icyblue, 256 GB)","₹26,999",12 GB RAM | 256 GB ROM15.75 cm (6.2 inch) Full HD+ Display50MP + 10MP + 12MP | 12MP Front Camera4000 mAh Battery8 Elite for Galaxy Processor1 Year Manufacturer Warranty for Device and 6 Months for In-Box Accessories,4.4
198,"Apple iPhone 17 (Black, 256 GB)","₹66,900","256 GB ROM16.0 cm (6.3 inch) Super Retina XDR Display48MP + 48MP | 18MP Front CameraA19 Chip, 6 Core Processor ProcessorApple One (1) Year Limited Warranty",4.5
199,"vivo T5x 5G (Cyber Green, 128 GB)","₹26,999",8 GB RAM | 128 GB ROM17.17 cm (6.76 inch) Display50MP + 2MP | 32MP Front Camera7200 mAh Li-ion BatteryDimensity 7400-Turbo Processor1 Year Manufacturer Warranty for Device and 6 Months Manufacturer Warranty for Inbox Accessories,4.4
200,"OPPO K14x 5G (Prism Violet, 128 GB)","₹21,499",6 GB RAM | 128 GB ROM17.14 cm (6.75 inch) HD+ Display50MP + 2MP | 5MP; f/2.2; FOV 77°; 3P lens6500 mAh BatteryDimensity 6300 Processor1 Year Manufacturer Warranty for Device and 6 Months Manufacturer Warranty for Inbox Accessories,4.6
201,"vivo T5x 5G (Star Silver, 256 GB)","₹22,999",8 GB RAM | 256 GB ROM17.17 cm (6.76 inch) Display50MP + 2MP | 32MP Front Camera7200 mAh Li-ion BatteryDimensity 7400-Turbo Processor1 Year Manufacturer Warranty for Device and 6 Months Manufacturer Warranty for Inbox Accessories,4.1
202,"Apple iPhone 16 (Black, 128 GB)","₹11,999","128 GB ROM15.49 cm (6.1 inch) Super Retina XDR Display48MP + 12MP | 12MP Front CameraA18 Chip, 6 Core Processor Processor1 year warranty for phone and 1 year warranty for in Box Accessories.",4.2
203,"vivo T5x 5G (Cyber Green, 256 GB)","₹22,999",8 GB RAM | 256 GB ROM17.17 cm (6.76 inch) Display50MP + 2MP | 32MP Front Camera7200 mAh Li-ion BatteryDimensity 7400-Turbo Processor1 Year Manufacturer Warranty for Device and 6 Months Manufacturer Warranty for Inbox Accessories,4.3
204,"realme P4x 5G (Lake Green, 128 GB)","₹82,900",6 GB RAM | 128 GB ROM17.07 cm (6.72 inch) Full HD+ Display50MP + 2MP | 8MP Front Camera7000 mAh BatteryDimensity 7400 Ultra Processor1 Year Manufacturer Warranty for Phone and 6 Months Warranty for In-Box Accessories,4.3
205,"vivo T5x 5G (Star Silver, 128 GB)","₹12,761",6 GB RAM | 128 GB ROM17.17 cm (6.76 inch) Display50MP + 2MP | 32MP Front Camera7200 mAh Li-ion BatteryDimensity 7400-Turbo Processor1 Year Manufacturer Warranty for Device and 6 Months Manufacturer Warranty for Inbox Accessories,4.1
206,"Ai+ Nova 2 5G (Black, 64 GB)","₹15,499",4 GB RAM | 64 GB ROM | Expandable Upto 1 TB17.13 cm (6.745 inch) HD+ Display50MP Rear Camera | 8MP Front Camera6000 mAh BatteryT8200 Processor1 Year Warranty on Handset and 6 Months Warranty on the Inbox Accessories,4.3
207,"vivo T5x 5G (Cyber Green, 128 GB)","₹23,499",6 GB RAM | 128 GB ROM17.17 cm (6.76 inch) Display50MP + 2MP | 32MP Front Camera7200 mAh Li-ion BatteryDimensity 7400-Turbo Processor1 Year Manufacturer Warranty for Device and 6 Months Manufacturer Warranty for Inbox Accessories,4.3
208,"Apple iPhone 17 (Lavender, 256 GB)","₹23,499","256 GB ROM16.0 cm (6.3 inch) Super Retina XDR Display48MP + 48MP | 18MP Front CameraA19 Chip, 6 Core Processor ProcessorApple One (1) Year Limited Warranty",
209,"Samsung M06 5G (Sage Green, 128 GB)","₹12,740",4 GB RAM | 128 GB ROM17.02 cm (6.7 inch) Display50MP Rear Camera5000 mAh Battery1 Year Manufacturer Warranty for Phone and 6 Months Warranty for In the Box Accessories,
210,"Samsung Galaxy F70e 5G (Limelight Green, 128 GB)","₹21,499",4 GB RAM | 128 GB ROM | Expandable Upto 2 TB17.12 cm (6.74 inch) HD+ Display50MP + 2MP | 8MP Front Camera6000 mAh Li-ion BatteryDimensity 6300 Processor1 Year Manufacturer Warranty for Device and 6 Months for In-Box Accessories,
211,"realme P4x 5G (Matte Silver, 128 GB)","₹21,499",8 GB RAM | 128 GB ROM17.07 cm (6.72 inch) Full HD+ Display50MP + 2MP | 8MP Front Camera7000 mAh BatteryDimensity 7400 Ultra Processor1 Year Manufacturer Warranty for Phone and 6 Months Warranty for In-Box Accessories,
212,"realme P4x 5G (Lake Green, 128 GB)",,8 GB RAM | 128 GB ROM17.07 cm (6.72 inch) Full HD+ Display50MP + 2MP | 8MP Front Camera7000 mAh BatteryDimensity 7400 Ultra Processor1 Year Manufacturer Warranty for Phone and 6 Months Warranty for In-Box Accessories,
213,"Samsung M06 5G (Blazing Black, 128 GB)",,4 GB RAM | 128 GB ROM17.02 cm (6.7 inch) Display50MP Rear Camera5000 mAh Battery1 Year Manufacturer Warranty for Phone and 6 Months Warranty for In the Box Accessories,
214,"realme P4x 5G (Elegant Pink, 128 GB)",,6 GB RAM | 128 GB ROM17.07 cm (6.72 inch) Full HD+ Display50MP + 2MP | 8MP Front Camera7000 mAh BatteryDimensity 7400 Ultra Processor1 Year Manufacturer Warranty for Phone and 6 Months Warranty for In-Box Accessories,
215,"realme P4x 5G (Matte Silver, 128 GB)",,6 GB RAM | 128 GB ROM17.07 cm (6.72 inch) Full HD+ Display50MP + 2MP | 8MP Front Camera7000 mAh BatteryDimensity 7400 Ultra Processor1 Year Manufacturer Warranty for Phone and 6 Months Warranty for In-Box Accessories,
